Workbook

Sheet 总览仪表板
A1: 迎接宝宝 — 家庭空间改造项目
A2: 预产期：2026年6月底 | 两居室公寓 | 倒计时自动计算
A4: 今天日期 | B4: =TODAY() -> 46103
A5: 预产期 | B5: 2026-06-30
A6: 剩余天数 | B6: =B5-B4 -> 100
A7: 剩余周数 | B7: =ROUND(B6/7,1) -> 14.3
A9: 模块 | B9: 总任务数 | C9: 已完成 | D9: 完成率
A10: 断舍离清理 | B10: =COUNTA(断舍离计划!A:A)-2 -> 17 | C10: =COUNTIF(断舍离计划!$E:$E,"已完成") -> 0 | D10: =IF(B10=0,0,C10/B10) -> 0
A11: 收纳优化 | B11: =COUNTA(收纳方案!A:A)-2 -> 20 | C11: =COUNTIF(收纳方案!$E:$E,"已完成") -> 0 | D11: =IF(B11=0,0,C11/B11) -> 0
A12: 宝宝用品准备 | B12: =COUNTA(宝宝用品清单!A:A)-2 -> 35 | C12: =COUNTIF(宝宝用品清单!$E:$E,"已完成") -> 0 | D12: =IF(B12=0,0,C12/B12) -> 0
A13: 空间改造 | B13: =COUNTA(空间改造时间线!A:A)-2 -> 26 | C13: =COUNTIF(空间改造时间线!$E:$E,"已完成") -> 0 | D13: =IF(B13=0,0,C13/B13) -> 0
A14: 总计 | B14: =SUM(B10:B13) -> 98 | C14: =SUM(C10:C13) -> 0 | D14: =IF(B14=0,0,C14/B14) -> 0

Sheet 断舍离计划
A1: 物品/类别 | B1: 所在位置 | C1: 数量(估) | D1: 处理方式 | E1: 状态 | F1: 备注
A2: 【客厅】
A3: 过季/不穿的外套鞋子 | B3: 玄关/门口 | C3: ~15件 | D3: 捐赠/二手出售 | E3: 未开始 | F3: 留下常穿的即可
A4: 旧杂志/报纸/快递盒 | B4: 客厅角落 | C4: 一堆 | D4: 回收处理 | E4: 未开始 | F4: 全部清掉
A5: 不用的小家电 | B5: 柜子里 | C5: ~3个 | D5: 二手出售/丢弃 | E5: 未开始 | F5: 烤面包机、榨汁机等
A6: 多余的装饰品/摆件 | B6: 各处 | C6: ~10件 | D6: 收起/送人 | E6: 未开始 | F6: 给宝宝腾出安全空间
A7: 过期药品/化妆品 | B7: 抽屉 | D7: 丢弃 | E7: 未开始 | F7: 检查保质期
A8: 【主卧】
A9: 换季衣物（两人） | B9: 衣柜 | C9: ~30件 | D9: 捐赠/真空袋收纳 | E9: 未开始 | F9: 一年没穿的果断处理
A10: 旧床品/枕头 | B10: 柜顶 | C10: ~5套 | D10: 只留2套好的 | E10: 未开始 | F10: 给宝宝床品腾空间
A11: 书籍杂物 | B11: 床头柜 | D11: 整理归类 | E11: 未开始
A12: 【次卧→婴儿房】
A13: 囤积的杂物箱 | B13: 次卧 | C13: ~5箱 | D13: 逐箱清理 | E13: 未开始 | F13: 这里要变成宝宝的房间！
A14: 不用的运动器材 | B14: 次卧角落 | D14: 出售/送人 | E14: 未开始
A15: 旧电子设备/线材 | B15: 抽屉 | D15: 电子回收 | E15: 未开始
A16: 【厨房/卫浴】
A17: 过期食品/调料 | B17: 厨房 | D17: 丢弃 | E17: 未开始
A18: 多余的锅碗瓢盆 | B18: 橱柜 | D18: 只留常用的 | E18: 未开始 | F18: 给奶瓶消毒器留位置
A19: 旧毛巾/浴巾 | B19: 卫生间 | D19: 替换为新的 | E19: 未开始 | F19: 宝宝需要专用毛巾

Sheet 收纳方案
A1: 区域/收纳方案 | B1: 具体措施 | C1: 需要购买 | D1: 预算(元) | E1: 状态 | F1: 备注
A2: 【玄关】
A3: 鞋柜优化 | B3: 用鞋架/收纳盒垂直存放，只放当季鞋 | C3: 可叠加鞋架 x2 | D3: 60 | E3: 未开始 | F3: 清理后鞋子减半
A4: 墙面挂钩 | B4: 安装挂钩放钥匙/包/婴儿外出包 | C4: 免钉挂钩组 | D4: 30 | E4: 未开始
A5: 【客厅】
A6: 电视柜/茶几下 | B6: 用收纳篮归类遥控器、杂物 | C6: 收纳篮 x3 | D6: 45 | E6: 未开始 | F6: 以后放宝宝玩具
A7: 沙发旁储物 | B7: 小推车/边几带储物功能 | C7: 三层小推车 | D7: 80 | E7: 未开始 | F7: 放尿布、湿巾等
A8: 【主卧】
A9: 衣柜分区 | B9: 加装分隔板/收纳盒，上层放换季衣物 | C9: 衣柜收纳盒 x4 | D9: 80 | E9: 未开始 | F9: 给宝宝衣物留一层
A10: 床下空间 | B10: 用床底收纳箱存放不常用物品 | C10: 带轮床底箱 x2 | D10: 70 | E10: 未开始
A11: 床头整理 | B11: 小收纳托盘放手机/水杯/夜灯 | C11: 床头托盘 | D11: 25 | E11: 未开始 | F11: 夜间喂奶需要方便
A12: 【次卧→婴儿房】
A13: 婴儿衣柜/收纳 | B13: 小型衣柜或收纳柜放宝宝衣物 | C13: 宝宝衣柜 | D13: 300 | E13: 未开始 | F13: 按尺码分类
A14: 换尿布台上方 | B14: 安装搁板放尿布、护臀霜等 | C14: 墙面搁板 x2 | D14: 60 | E14: 未开始 | F14: 伸手可及的高度
A15: 玩具收纳 | B15: 矮柜+收纳筐，方便以后宝宝自己拿 | C15: 矮柜+筐 | D15: 200 | E15: 未开始 | F15: 暂时放毯子等
A16: 【厨房】
A17: 橱柜内部 | B17: 加装置物架增加层数 | C17: 橱柜置物架 x2 | D17: 40 | E17: 未开始 | F17: 给奶瓶/辅食工具留空间
A18: 冰箱收纳 | B18: 用透明收纳盒分类 | C18: 冰箱收纳盒 x4 | D18: 50 | E18: 未开始
A19: 【卫浴】
A20: 洗漱台下方 | B20: 用伸缩架/收纳盒整理 | C20: 水槽下置物架 | D20: 45 | E20: 未开始 | F20: 给宝宝洗浴用品留位置
A21: 浴室墙面 | B21: 免打孔置物架 | C21: 浴室置物架 | D21: 40 | E21: 未开始
A23: 收纳用品预算合计 | D23: =SUM(D2:D21) -> 1125

Sheet 宝宝用品清单
A1: 用品类别/物品 | B1: 优先级 | C1: 数量 | D1: 预算(元) | E1: 状态 | F1: 购买渠道/备注
A2: 【睡眠】
A3: 婴儿床（可选床中床） | B3: 必备 | C3: 1 | D3: 500 | E3: 未开始 | F3: 次卧放置，注意安全标准
A4: 婴儿床垫 | B4: 必备 | C4: 1 | D4: 200 | E4: 未开始 | F4: 要硬一些的，安全
A5: 婴儿床品套装 | B5: 必备 | C5: 2 | D5: 200 | E5: 未开始 | F5: 纯棉，多备一套换洗
A6: 睡袋 | B6: 必备 | C6: 2 | D6: 150 | E6: 未开始 | F6: 根据季节选薄款
A7: 遮光窗帘 | B7: 推荐 | C7: 1 | D7: 150 | E7: 未开始 | F7: 帮助宝宝白天睡觉
A8: 【喂养】
A9: 奶瓶（宽口径） | B9: 必备 | C9: 4 | D9: 200 | E9: 未开始 | F9: 大小各2个
A10: 奶瓶消毒器 | B10: 必备 | C10: 1 | D10: 200 | E10: 未开始
A11: 吸奶器 | B11: 必备 | C11: 1 | D11: 500 | E11: 未开始 | F11: 电动双边推荐
A12: 储奶袋 | B12: 必备 | C12: 1 | D12: 50 | E12: 未开始 | F12: 一盒起步
A13: 奶瓶刷 | B13: 必备 | C13: 1 | D13: 30 | E13: 未开始
A14: 哺乳枕 | B14: 推荐 | C14: 1 | D14: 100 | E14: 未开始 | F14: 减轻妈妈负担
A15: 【穿着】
A16: 新生儿连体衣（52-59码） | B16: 必备 | C16: 6 | D16: 180 | E16: 未开始 | F16: 纯棉，开裆扣方便换尿布
A17: 包被/襁褓 | B17: 必备 | C17: 2 | D17: 100 | E17: 未开始 | F17: 夏天薄款
A18: 帽子+袜子 | B18: 必备 | C18: 3 | D18: 50 | E18: 未开始
A19: 口水巾/围嘴 | B19: 推荐 | C19: 5 | D19: 30 | E19: 未开始
A20: 【洗护】
A21: 婴儿浴盆 | B21: 必备 | C21: 1 | D21: 80 | E21: 未开始 | F21: 可折叠款省空间
A22: 婴儿沐浴露/洗发水 | B22: 必备 | C22: 1 | D22: 50 | E22: 未开始 | F22: 温和无泪配方
A23: 婴儿润肤霜 | B23: 必备 | C23: 1 | D23: 40 | E23: 未开始
A24: 婴儿指甲剪 | B24: 必备 | C24: 1 | D24: 25 | E24: 未开始
A25: 婴儿棉柔巾 | B25: 必备 | C25: 1 | D25: 50 | E25: 未开始 | F25: 比湿巾更安全
A26: 【出行】
A27: 婴儿推车 | B27: 必备 | C27: 1 | D27: 800 | E27: 未开始 | F27: 轻便可折叠优先
A28: 汽车安全座椅 | B28: 必备 | C28: 1 | D28: 600 | E28: 未开始 | F28: 0-4岁款
A29: 妈咪包 | B29: 推荐 | C29: 1 | D29: 150 | E29: 未开始 | F29: 大容量多隔层
A30: 【护理/安全】
A31: 纸尿裤（NB+S码） | B31: 必备 | C31: 2 | D31: 200 | E31: 未开始 | F31: 先少买试用
A32: 护臀霜 | B32: 必备 | C32: 1 | D32: 50 | E32: 未开始
A33: 体温计（耳温枪） | B33: 必备 | C33: 1 | D33: 100 | E33: 未开始
A34: 婴儿监护器 | B34: 推荐 | C34: 1 | D34: 200 | E34: 未开始 | F34: 两居室推荐
A35: 插座保护盖 | B35: 必备 | C35: 10 | D35: 20 | E35: 未开始 | F35: 全屋安装
A36: 柜角防撞条 | B36: 必备 | C36: 4 | D36: 30 | E36: 未开始
A38: 宝宝用品预算合计 | D38: =SUM(D2:D36) -> 5035

Sheet 空间改造时间线
A1: 任务 | B1: 负责人 | C1: 目标日期 | D1: 优先级 | E1: 状态 | F1: 备注
A2: 【第1阶段：3月下旬-4月中 — 断舍离】
A3: 全屋物品盘点拍照 | B3: 一起 | C3: 2026-04-01 | D3: 高 | E3: 未开始 | F3: 拍照记录现状
A4: 客厅杂物清理 | B4: 一起 | C4: 2026-04-05 | D4: 高 | E4: 未开始 | F4: 参考"断舍离计划"表
A5: 主卧衣柜清理 | B5: 各自负责 | C5: 2026-04-10 | D5: 高 | E5: 未开始 | F5: 一人一天集中处理
A6: 次卧彻底清空 | B6: 一起 | C6: 2026-04-15 | D6: 高 | E6: 未开始 | F6: 这里要变婴儿房！
A7: 厨房卫浴清理 | B7: 一起 | C7: 2026-04-15 | D7: 中 | E7: 未开始
A8: 处理二手物品（出售/捐赠） | B8: 爸爸 | C8: 2026-04-20 | D8: 中 | E8: 未开始 | F8: 闲鱼/小区群
A9: 【第2阶段：4月中-5月中 — 收纳改造】
A10: 购买收纳用品 | B10: 妈妈 | C10: 2026-04-25 | D10: 高 | E10: 未开始 | F10: 参考"收纳方案"表
A11: 玄关收纳安装 | B11: 爸爸 | C11: 2026-04-30 | D11: 中 | E11: 未开始 | F11: 挂钩、鞋架
A12: 主卧衣柜重新整理 | B12: 一起 | C12: 2026-05-01 | D12: 高 | E12: 未开始 | F12: 腾出宝宝衣物空间
A13: 客厅收纳优化 | B13: 一起 | C13: 2026-05-05 | D13: 中 | E13: 未开始 | F13: 收纳篮、小推车
A14: 厨房卫浴收纳安装 | B14: 爸爸 | C14: 2026-05-10 | D14: 中 | E14: 未开始 | F14: 置物架等
A15: 【第3阶段：5月中-6月初 — 婴儿房布置】
A16: 婴儿房刷墙/通风（如需要） | B16: 爸爸 | C16: 2026-05-15 | D16: 高 | E16: 未开始 | F16: 至少提前6周通风
A17: 婴儿床到货安装 | B17: 爸爸 | C17: 2026-05-20 | D17: 高 | E17: 未开始
A18: 婴儿衣柜/收纳柜安装 | B18: 爸爸 | C18: 2026-05-22 | D18: 高 | E18: 未开始
A19: 换尿布区域布置 | B19: 妈妈 | C19: 2026-05-25 | D19: 高 | E19: 未开始 | F19: 尿布台+搁板+用品
A20: 全屋安全检查 | B20: 一起 | C20: 2026-05-28 | D20: 高 | E20: 未开始 | F20: 插座盖、防撞条等
A21: 遮光窗帘安装 | B21: 爸爸 | C21: 2026-05-30 | D21: 中 | E21: 未开始
A22: 【第4阶段：6月 — 最终准备】
A23: 待产包准备 | B23: 妈妈 | C23: 2026-06-05 | D23: 高 | E23: 未开始 | F23: 妈妈+宝宝用品
A24: 宝宝衣物清洗 | B24: 一起 | C24: 2026-06-08 | D24: 高 | E24: 未开始 | F24: 专用婴儿洗衣液
A25: 全屋大扫除 | B25: 一起 | C25: 2026-06-12 | D25: 高 | E25: 未开始 | F25: 请钟点工帮忙
A26: 婴儿监护器测试 | B26: 爸爸 | C26: 2026-06-15 | D26: 中 | E26: 未开始
A27: 模拟演练（喂奶/换尿布动线） | B27: 一起 | C27: 2026-06-18 | D27: 推荐 | E27: 未开始 | F27: 熟悉流程和物品位置
A28: 最终检查 — 一切就绪！ | B28: 一起 | C28: 2026-06-22 | D28: 高 | E28: 未开始 | F28: 留出一周缓冲

Sheet 预算汇总
A1: 迎接宝宝 — 预算汇总
A3: 支出类别 | B3: 预算金额(元) | C3: 实际花费(元) | D3: 差额
A4: 收纳用品 | B4: =收纳方案!D23 -> 1125 | D4: =B4-C4 -> 1125
A5: 宝宝用品 | B5: =宝宝用品清单!D38 -> 5035 | D5: =B5-C5 -> 5035
A6: 婴儿房改造（刷墙等） | B6: 500 | D6: =B6-C6 -> 500
A7: 大扫除/钟点工 | B7: 300 | D7: =B7-C7 -> 300
A8: 其他/应急 | B8: 500 | D8: =B8-C8 -> 500
A9: 总计 | B9: =SUM(B4:B8) -> 7460 | C9: =SUM(C4:C8) -> 0 | D9: =SUM(D4:D8) -> 7460
